{
  "mooring_C01": [
    "C01",
    -104.1,
    0.0,
    0.0,
    0.0,
    0.0,
    45.0,
    113.41,
    51,
    63.2514,
    1530925000.0,
    0.5,
    0.10129
  ],
  "mooring_C02": [
    "C02",
    -89.904,
    0.0,
    0.0,
    0.0,
    0.0,
    40.6,
    98.646,
    31,
    63.2514,
    1530925000.0,
    0.5,
    0.10129
  ],
  "mooring_C03": [
    "C03",
    -75.708,
    0.0,
    0.0,
    0.0,
    0.0,
    36.2,
    83.917,
    31,
    63.2514,
    1530925000.0,
    0.5,
    0.10129
  ],
  "mooring_C04": [
    "C04",
    -61.512,
    0.0,
    0.0,
    0.0,
    0.0,
    31.8,
    69.246,
    31,
    63.2514,
    1530925000.0,
    0.5,
    0.10129
  ],
  "mooring_C05": [
    "C05",
    -47.316,
    0.0,
    0.0,
    0.0,
    0.0,
    27.4,
    54.677,
    31,
    63.2514,
    1530925000.0,
    0.5,
    0.10129
  ],
  "mooring_C06": [
    "C06",
    -33.1,
    0.0,
    0.0,
    0.0,
    0.0,
    23.0,
    40.306,
    31,
    63.2514,
    1530925000.0,
    0.5,
    0.10129
  ],
  "mooring_C07": [
    "C07",
    27.0,
    0.0,
    0.0,
    0.0,
    0.0,
    23.0,
    35.468,
    31,
    63.2514,
    1530925000.0,
    0.5,
    0.10129
  ],
  "mooring_C08": [
    "C08",
    32.0,
    0.0,
    0.0,
    0.0,
    0.0,
    27.4,
    42.128,
    31,
    63.2514,
    1530925000.0,
    0.5,
    0.10129
  ],
  "mooring_C09": [
    "C09",
    37.0,
    0.0,
    0.0,
    0.0,
    0.0,
    31.8,
    48.788,
    31,
    63.2514,
    1530925000.0,
    0.5,
    0.10129
  ],
  "mooring_C10": [
    "C10",
    42.0,
    0.0,
    0.0,
    0.0,
    0.0,
    36.2,
    55.448,
    31,
    63.2514,
    1530925000.0,
    0.5,
    0.10129
  ],
  "mooring_C11": [
    "C11",
    47.0,
    0.0,
    0.0,
    0.0,
    0.0,
    40.6,
    62.108,
    31,
    63.2514,
    1530925000.0,
    0.5,
    0.10129
  ],
  "mooring_C12": [
    "C12",
    52.0,
    0.0,
    0.0,
    0.0,
    0.0,
    45.0,
    68.768,
    31,
    63.2514,
    1530925000.0,
    0.5,
    0.10129
  ],
  "gravity": 9.81,
  "mode": "equilibrium",
  "max_equilibrium_steps": 500000,
  "equilibrium_tol": 0.01,
  "snapshot_interval": 5000
}