{
  "mooring_L01": [
    "L01",
    500.0,
    0.0,
    -58.0,
    0.0,
    0.0,
    0.0,
    522.0,
    41,
    348.5,
    1400000000.0,
    0.5,
    0.132
  ],
  "mooring_L02": [
    "L02",
    -249.99999999999991,
    433.01270189221935,
    -58.0,
    0.0,
    0.0,
    0.0,
    522.0,
    41,
    348.5,
    1400000000.0,
    0.5,
    0.132
  ],
  "mooring_L03": [
    "L03",
    -250.00000000000023,
    -433.0127018922192,
    -58.0,
    0.0,
    0.0,
    0.0,
    522.0,
    41,
    348.5,
    1400000000.0,
    0.5,
    0.132
  ],
  "gravity": 9.81,
  "mode": "equilibrium",
  "max_equilibrium_steps": 500000,
  "equilibrium_tol": 0.01,
  "snapshot_interval": 10000
}